white_piece0_strength,white_piece0_file,white_piece0_rank,black_piece0_strength,black_piece0_file,black_piece0_rank,class,_nsyn_controllable_columns,_nsyn_noisy_injected
4,4,7,5,4,0,b,['white_piece0_strength'],True
4,6,8,5,0,1,w,['white_piece0_strength'],True
7,1,5,4,2,6,d,['white_piece0_strength'],True
5,0,8,5,6,6,w,['white_piece0_strength'],True
5,5,6,4,4,7,d,['white_piece0_strength'],True
4,5,2,4,4,8,d,['white_piece0_strength'],True
6,5,6,4,2,7,d,['white_piece0_strength'],True
5,0,3,5,4,7,w,['white_piece0_strength'],True
4,3,5,4,4,8,d,['white_piece0_strength'],True
5,3,5,4,2,7,d,['white_piece0_strength'],True
5,4,2,6,6,2,d,['white_piece0_strength'],True
0,4,0,5,6,8,w,['white_piece0_strength'],True
0,4,7,5,2,2,w,['white_piece0_strength'],True
6,3,5,5,1,2,w,['white_piece0_strength'],False
5,0,4,5,3,5,w,['white_piece0_strength'],True
5,6,2,4,4,6,b,['white_piece0_strength'],True
5,4,0,5,0,8,w,['white_piece0_strength'],True
5,3,5,4,4,6,d,['white_piece0_strength'],True
4,5,7,5,3,1,b,['white_piece0_strength'],True
6,5,6,5,2,0,b,['white_piece0_strength'],False
5,6,5,5,3,7,w,['white_piece0_strength'],True
0,0,5,5,6,2,w,['white_piece0_strength'],True
0,6,4,5,6,5,w,['white_piece0_strength'],True
4,3,1,4,0,7,d,['white_piece0_strength'],True
0,3,2,5,2,0,b,['white_piece0_strength'],True
0,2,8,5,2,6,w,['white_piece0_strength'],True
6,0,3,5,1,0,b,['white_piece0_strength'],False
0,1,6,5,6,1,w,['white_piece0_strength'],True
0,6,8,5,4,1,b,['white_piece0_strength'],True
7,6,8,5,3,4,w,['white_piece0_strength'],True
6,2,1,5,1,6,w,['white_piece0_strength'],False
4,4,1,4,6,4,b,['white_piece0_strength'],True
6,4,6,5,2,8,w,['white_piece0_strength'],False
6,5,0,5,1,1,b,['white_piece0_strength'],False
4,1,7,5,6,1,w,['white_piece0_strength'],True
6,4,7,5,4,2,w,['white_piece0_strength'],False
6,1,7,5,2,2,w,['white_piece0_strength'],False
7,5,2,4,6,4,b,['white_piece0_strength'],True
7,4,5,4,4,8,d,['white_piece0_strength'],True
6,3,1,5,6,7,w,['white_piece0_strength'],False
6,6,6,5,5,0,b,['white_piece0_strength'],False
6,3,1,5,3,4,w,['white_piece0_strength'],False
7,6,7,5,0,5,w,['white_piece0_strength'],True
0,4,0,5,3,7,w,['white_piece0_strength'],True
7,4,2,4,5,8,d,['white_piece0_strength'],True
4,5,6,4,5,7,d,['white_piece0_strength'],True
6,0,1,5,6,0,b,['white_piece0_strength'],False
6,2,8,5,0,8,w,['white_piece0_strength'],False
0,6,3,4,6,4,b,['white_piece0_strength'],False
6,3,6,5,1,1,w,['white_piece0_strength'],False
6,6,8,5,4,8,w,['white_piece0_strength'],False
6,2,1,4,4,6,b,['white_piece0_strength'],True
0,5,1,5,3,2,w,['white_piece0_strength'],True
7,2,6,5,1,0,b,['white_piece0_strength'],True
6,0,7,5,6,2,w,['white_piece0_strength'],False
6,3,5,5,0,7,w,['white_piece0_strength'],False
0,5,2,5,2,7,w,['white_piece0_strength'],True
6,4,6,5,3,1,b,['white_piece0_strength'],False
5,2,8,5,3,6,w,['white_piece0_strength'],True
0,5,2,6,3,4,d,['white_piece0_strength'],True
7,5,2,5,1,6,w,['white_piece0_strength'],True
6,3,6,5,6,7,w,['white_piece0_strength'],False
6,1,8,5,3,3,w,['white_piece0_strength'],False
7,1,4,4,0,7,d,['white_piece0_strength'],True
6,1,8,5,3,2,w,['white_piece0_strength'],False
4,4,7,5,6,7,w,['white_piece0_strength'],True
6,6,7,5,1,2,w,['white_piece0_strength'],False
4,5,0,5,6,8,w,['white_piece0_strength'],True
6,4,6,5,5,8,w,['white_piece0_strength'],False
7,1,0,4,2,6,b,['white_piece0_strength'],True
0,2,8,5,6,5,w,['white_piece0_strength'],True
6,3,6,5,4,8,w,['white_piece0_strength'],False
6,4,2,5,6,4,w,['white_piece0_strength'],False
4,1,0,5,0,8,w,['white_piece0_strength'],True
0,3,5,5,1,7,w,['white_piece0_strength'],True
4,6,0,5,4,1,b,['white_piece0_strength'],True
4,2,0,5,0,8,w,['white_piece0_strength'],True
7,5,5,4,2,8,d,['white_piece0_strength'],True
5,3,6,5,3,3,w,['white_piece0_strength'],True
4,3,4,4,5,8,d,['white_piece0_strength'],True
6,6,3,4,1,7,d,['white_piece0_strength'],True
7,5,2,4,0,8,d,['white_piece0_strength'],True
6,2,2,5,4,2,b,['white_piece0_strength'],False
6,6,1,4,5,8,d,['white_piece0_strength'],True
6,3,1,4,4,6,b,['white_piece0_strength'],True
6,4,6,5,3,5,w,['white_piece0_strength'],False
6,2,1,5,6,2,w,['white_piece0_strength'],False
4,1,8,5,2,6,w,['white_piece0_strength'],True
7,6,6,4,4,8,d,['white_piece0_strength'],True
0,4,8,5,3,2,w,['white_piece0_strength'],True
0,6,4,5,6,0,b,['white_piece0_strength'],True
4,6,5,4,2,7,d,['white_piece0_strength'],True
4,1,7,4,3,7,d,['white_piece0_strength'],True
7,3,5,5,4,6,w,['white_piece0_strength'],True
5,3,4,5,6,7,w,['white_piece0_strength'],True
6,0,8,5,0,4,w,['white_piece0_strength'],False
6,0,2,5,4,1,b,['white_piece0_strength'],False
5,6,0,4,2,7,b,['white_piece0_strength'],True
0,6,2,5,0,3,w,['white_piece0_strength'],True
4,6,7,5,0,7,w,['white_piece0_strength'],True
7,0,5,4,1,6,d,['white_piece0_strength'],True
0,0,1,5,5,8,w,['white_piece0_strength'],True
6,0,6,4,2,7,d,['white_piece0_strength'],True
0,4,2,5,0,2,w,['white_piece0_strength'],True
5,4,1,4,2,8,d,['white_piece0_strength'],True
0,4,6,5,4,8,w,['white_piece0_strength'],True
0,2,6,5,2,1,b,['white_piece0_strength'],True
0,4,6,5,5,6,w,['white_piece0_strength'],True
6,2,3,4,5,6,d,['white_piece0_strength'],True
0,6,5,5,5,0,b,['white_piece0_strength'],True
0,3,6,5,6,0,w,['white_piece0_strength'],True
6,6,1,4,3,7,b,['white_piece0_strength'],True
7,6,1,4,2,7,b,['white_piece0_strength'],True
6,1,8,5,5,6,w,['white_piece0_strength'],False
6,6,4,5,4,2,b,['white_piece0_strength'],False
6,6,5,5,2,2,b,['white_piece0_strength'],False
4,3,5,5,0,6,w,['white_piece0_strength'],True
6,0,5,5,4,8,w,['white_piece0_strength'],False
7,0,7,4,2,8,d,['white_piece0_strength'],True
4,1,2,4,3,7,b,['white_piece0_strength'],True
6,3,2,5,1,7,w,['white_piece0_strength'],False
7,6,3,4,6,7,d,['white_piece0_strength'],True
7,0,5,4,2,8,d,['white_piece0_strength'],True
6,4,8,5,4,7,w,['white_piece0_strength'],False
4,5,3,4,1,8,d,['white_piece0_strength'],True
5,0,5,5,1,1,b,['white_piece0_strength'],True
6,4,1,5,2,7,w,['white_piece0_strength'],False
6,2,7,5,5,1,w,['white_piece0_strength'],False
6,0,6,5,3,3,b,['white_piece0_strength'],False
0,2,1,5,4,2,w,['white_piece0_strength'],True
6,5,2,4,4,7,d,['white_piece0_strength'],True
7,0,4,5,5,1,b,['white_piece0_strength'],True
4,2,7,5,0,3,w,['white_piece0_strength'],True
6,4,0,6,6,2,d,['white_piece0_strength'],True
6,5,2,6,6,3,d,['white_piece0_strength'],True
5,6,1,6,0,4,d,['white_piece0_strength'],True
0,2,0,5,3,4,w,['white_piece0_strength'],True
0,2,2,5,0,4,w,['white_piece0_strength'],True
6,2,8,5,4,8,w,['white_piece0_strength'],False
7,3,6,4,3,7,d,['white_piece0_strength'],True
5,2,4,4,2,7,d,['white_piece0_strength'],True
0,4,2,5,6,3,w,['white_piece0_strength'],True
6,0,2,5,5,1,b,['white_piece0_strength'],False
5,2,0,4,1,8,d,['white_piece0_strength'],True
4,6,1,5,6,7,w,['white_piece0_strength'],True
4,5,0,6,6,2,d,['white_piece0_strength'],True
5,0,2,4,5,8,d,['white_piece0_strength'],True
0,2,2,5,5,7,w,['white_piece0_strength'],True
0,5,6,5,1,2,w,['white_piece0_strength'],True
6,6,5,5,2,1,b,['white_piece0_strength'],False
4,1,2,4,6,7,d,['white_piece0_strength'],True
4,2,0,5,0,7,w,['white_piece0_strength'],True
4,2,1,5,2,6,w,['white_piece0_strength'],True
0,3,1,5,3,6,w,['white_piece0_strength'],True
5,0,3,4,5,8,d,['white_piece0_strength'],True
6,0,1,5,1,8,w,['white_piece0_strength'],False
5,0,6,5,5,0,b,['white_piece0_strength'],True
0,1,2,5,1,1,w,['white_piece0_strength'],True
4,6,6,5,1,7,w,['white_piece0_strength'],True
4,2,1,5,3,7,w,['white_piece0_strength'],True
6,5,7,5,3,3,w,['white_piece0_strength'],False
0,5,0,5,0,8,w,['white_piece0_strength'],True
7,6,7,5,2,0,b,['white_piece0_strength'],True
0,2,0,6,0,3,d,['white_piece0_strength'],True
0,2,0,5,1,8,w,['white_piece0_strength'],True
7,5,2,5,1,1,b,['white_piece0_strength'],True
6,5,7,5,0,5,w,['white_piece0_strength'],False
7,5,1,4,3,6,b,['white_piece0_strength'],True
0,4,0,4,5,7,d,['white_piece0_strength'],False
6,6,6,5,1,1,b,['white_piece0_strength'],False
7,6,3,5,6,8,w,['white_piece0_strength'],True
0,1,1,5,6,6,w,['white_piece0_strength'],True
5,1,7,5,4,1,b,['white_piece0_strength'],True
6,6,4,5,5,7,w,['white_piece0_strength'],False
5,4,5,4,4,7,d,['white_piece0_strength'],True
6,1,6,5,2,2,b,['white_piece0_strength'],False
6,6,5,5,3,3,b,['white_piece0_strength'],False
4,3,7,5,6,3,w,['white_piece0_strength'],True
7,1,4,4,3,6,d,['white_piece0_strength'],True
0,4,2,5,4,1,w,['white_piece0_strength'],True
6,4,1,5,3,7,w,['white_piece0_strength'],False
4,0,7,4,1,7,d,['white_piece0_strength'],True
6,4,6,4,5,7,d,['white_piece0_strength'],True
6,2,1,5,0,5,w,['white_piece0_strength'],False
6,3,7,5,5,8,w,['white_piece0_strength'],False
5,5,0,6,0,2,d,['white_piece0_strength'],True
6,0,5,5,0,0,b,['white_piece0_strength'],False
7,0,2,4,0,4,b,['white_piece0_strength'],True
5,0,3,4,0,8,d,['white_piece0_strength'],True
6,1,7,5,1,1,w,['white_piece0_strength'],False
6,3,5,5,5,8,w,['white_piece0_strength'],False
6,6,4,5,1,0,b,['white_piece0_strength'],False
4,6,3,5,1,0,b,['white_piece0_strength'],True
7,6,3,5,6,5,w,['white_piece0_strength'],True
5,3,6,5,5,1,w,['white_piece0_strength'],True
7,3,2,5,0,2,w,['white_piece0_strength'],True
7,6,3,4,5,8,d,['white_piece0_strength'],True
5,6,7,5,3,2,b,['white_piece0_strength'],True
0,1,2,5,4,8,w,['white_piece0_strength'],True
0,3,2,5,6,4,w,['white_piece0_strength'],True
4,3,5,5,6,5,w,['white_piece0_strength'],True
4,0,0,5,2,8,w,['white_piece0_strength'],True
6,3,5,5,6,0,w,['white_piece0_strength'],False
5,6,2,4,3,7,b,['white_piece0_strength'],True
7,0,4,4,6,8,d,['white_piece0_strength'],True
6,0,6,5,0,4,w,['white_piece0_strength'],False
6,0,7,5,0,8,w,['white_piece0_strength'],False
6,1,7,5,3,2,b,['white_piece0_strength'],False
6,3,6,5,1,8,w,['white_piece0_strength'],False
6,6,4,5,5,0,b,['white_piece0_strength'],False
5,0,4,5,5,6,w,['white_piece0_strength'],True
0,4,1,5,0,5,w,['white_piece0_strength'],True
6,4,0,5,0,7,w,['white_piece0_strength'],False
6,6,7,5,4,2,b,['white_piece0_strength'],False
4,0,3,5,1,7,w,['white_piece0_strength'],True
0,0,1,4,0,8,d,['white_piece0_strength'],False
0,6,3,5,0,4,w,['white_piece0_strength'],True
6,1,8,5,6,1,w,['white_piece0_strength'],False
4,4,3,4,0,7,d,['white_piece0_strength'],True
7,0,4,5,3,4,w,['white_piece0_strength'],True
6,6,7,5,4,0,b,['white_piece0_strength'],False
5,3,2,5,2,7,w,['white_piece0_strength'],True
0,3,7,5,5,7,w,['white_piece0_strength'],True
4,6,5,5,0,7,w,['white_piece0_strength'],True
6,2,7,5,5,8,w,['white_piece0_strength'],False
6,4,2,5,0,8,w,['white_piece0_strength'],False
5,2,2,6,0,2,d,['white_piece0_strength'],True
7,3,2,4,1,6,d,['white_piece0_strength'],True
6,0,8,5,3,5,w,['white_piece0_strength'],False
0,0,3,5,5,0,b,['white_piece0_strength'],True
4,2,0,5,2,8,w,['white_piece0_strength'],True
5,4,1,4,0,7,d,['white_piece0_strength'],True
0,2,0,5,1,7,w,['white_piece0_strength'],True
7,3,2,4,3,7,b,['white_piece0_strength'],True
0,0,2,4,3,6,b,['white_piece0_strength'],False
6,4,5,4,5,8,d,['white_piece0_strength'],True
4,4,2,5,5,8,w,['white_piece0_strength'],True
5,0,3,5,6,5,w,['white_piece0_strength'],True
7,6,7,5,2,2,b,['white_piece0_strength'],True
4,3,2,4,4,7,d,['white_piece0_strength'],True
6,1,6,5,5,6,w,['white_piece0_strength'],False
6,5,3,4,1,6,d,['white_piece0_strength'],True
6,5,8,4,4,8,d,['white_piece0_strength'],True
0,0,4,5,4,0,b,['white_piece0_strength'],True
5,3,4,4,3,7,d,['white_piece0_strength'],True
4,0,6,4,1,6,d,['white_piece0_strength'],True
4,3,6,4,2,7,d,['white_piece0_strength'],True
6,6,2,5,0,8,w,['white_piece0_strength'],False
5,4,7,5,5,0,w,['white_piece0_strength'],True
0,5,8,5,5,1,w,['white_piece0_strength'],True
6,2,8,5,5,2,w,['white_piece0_strength'],False
0,2,2,5,3,7,w,['white_piece0_strength'],True
4,4,1,5,5,6,w,['white_piece0_strength'],True
6,5,4,4,5,8,d,['white_piece0_strength'],True
4,6,6,4,2,8,d,['white_piece0_strength'],True
4,4,0,5,6,6,w,['white_piece0_strength'],True
0,3,3,5,5,1,b,['white_piece0_strength'],True
6,4,6,5,0,3,w,['white_piece0_strength'],False
7,3,2,5,0,5,w,['white_piece0_strength'],True
4,0,5,4,2,6,d,['white_piece0_strength'],True
4,6,6,5,5,8,w,['white_piece0_strength'],True
6,2,7,5,5,2,w,['white_piece0_strength'],False
6,4,6,5,2,1,b,['white_piece0_strength'],False
4,6,4,5,6,7,w,['white_piece0_strength'],True
4,4,6,5,4,1,b,['white_piece0_strength'],True
5,5,3,4,0,8,d,['white_piece0_strength'],True
6,4,2,5,0,6,w,['white_piece0_strength'],False
0,0,2,5,3,3,b,['white_piece0_strength'],True
6,2,0,4,6,4,b,['white_piece0_strength'],True
6,1,7,5,6,6,w,['white_piece0_strength'],False
4,1,6,4,4,7,d,['white_piece0_strength'],True
6,5,5,4,4,6,d,['white_piece0_strength'],True
0,0,1,5,1,1,w,['white_piece0_strength'],True
5,1,4,4,4,6,d,['white_piece0_strength'],True
6,1,8,5,6,0,w,['white_piece0_strength'],False
4,0,3,4,1,8,d,['white_piece0_strength'],True
7,0,7,5,5,7,w,['white_piece0_strength'],True
5,1,8,5,0,8,w,['white_piece0_strength'],True
6,6,3,5,0,0,b,['white_piece0_strength'],False
4,4,6,5,6,7,w,['white_piece0_strength'],True
7,4,0,5,0,5,w,['white_piece0_strength'],True
0,1,1,4,1,7,d,['white_piece0_strength'],False
6,0,1,5,2,1,b,['white_piece0_strength'],False
6,1,1,6,3,5,d,['white_piece0_strength'],True
7,6,8,4,4,7,d,['white_piece0_strength'],True
6,0,7,5,3,2,b,['white_piece0_strength'],False
4,4,6,5,2,0,b,['white_piece0_strength'],True
0,0,8,5,3,2,b,['white_piece0_strength'],True
0,6,5,5,4,8,w,['white_piece0_strength'],True
5,1,0,4,0,8,d,['white_piece0_strength'],True
6,2,6,5,5,1,w,['white_piece0_strength'],False
5,1,5,4,4,7,d,['white_piece0_strength'],True
6,4,6,5,4,2,w,['white_piece0_strength'],False
0,6,5,5,0,5,w,['white_piece0_strength'],True
0,2,6,5,3,1,b,['white_piece0_strength'],True
7,5,1,4,6,8,d,['white_piece0_strength'],True
6,1,8,5,3,1,b,['white_piece0_strength'],False
6,4,6,5,0,4,w,['white_piece0_strength'],False
0,1,6,5,6,6,w,['white_piece0_strength'],True
5,2,2,5,6,7,w,['white_piece0_strength'],True
7,3,7,5,2,6,w,['white_piece0_strength'],True
5,0,3,4,6,7,d,['white_piece0_strength'],True
6,2,7,5,3,6,w,['white_piece0_strength'],False
0,5,0,5,0,7,w,['white_piece0_strength'],True
6,4,7,5,5,8,w,['white_piece0_strength'],False
6,1,2,5,3,1,b,['white_piece0_strength'],False
4,5,1,5,6,6,w,['white_piece0_strength'],True
6,6,8,5,4,6,w,['white_piece0_strength'],False
4,5,1,5,1,7,w,['white_piece0_strength'],True
6,4,0,5,1,8,w,['white_piece0_strength'],False
0,0,0,5,4,8,w,['white_piece0_strength'],True
0,5,6,5,2,8,w,['white_piece0_strength'],True
4,0,7,4,2,7,d,['white_piece0_strength'],True
5,0,6,5,3,7,w,['white_piece0_strength'],True
6,0,4,5,0,0,b,['white_piece0_strength'],False
6,1,7,5,6,4,w,['white_piece0_strength'],False
7,1,6,4,1,7,d,['white_piece0_strength'],True
6,2,6,5,0,0,w,['white_piece0_strength'],False
4,2,7,5,1,1,w,['white_piece0_strength'],True
7,2,7,5,6,5,w,['white_piece0_strength'],True
4,2,2,5,2,6,w,['white_piece0_strength'],True
6,5,8,5,2,6,w,['white_piece0_strength'],False
0,0,3,5,5,1,b,['white_piece0_strength'],True
6,1,0,4,6,4,b,['white_piece0_strength'],True
4,5,1,6,3,3,d,['white_piece0_strength'],True
6,1,6,5,4,6,w,['white_piece0_strength'],False
6,4,6,5,0,7,w,['white_piece0_strength'],False
5,6,0,4,2,6,b,['white_piece0_strength'],True
0,4,2,5,6,8,w,['white_piece0_strength'],True
0,3,4,5,4,7,w,['white_piece0_strength'],True
6,6,5,5,4,2,b,['white_piece0_strength'],False
6,3,4,5,0,6,w,['white_piece0_strength'],False
6,2,7,5,6,2,w,['white_piece0_strength'],False
6,2,3,4,5,8,d,['white_piece0_strength'],True
5,4,6,5,6,5,w,['white_piece0_strength'],True
6,1,6,5,6,8,w,['white_piece0_strength'],False
4,2,0,4,3,7,b,['white_piece0_strength'],True
0,4,7,5,3,1,b,['white_piece0_strength'],True
4,5,0,5,5,7,w,['white_piece0_strength'],True
5,5,2,5,3,5,w,['white_piece0_strength'],True
0,6,3,5,5,0,b,['white_piece0_strength'],True
0,2,7,5,4,0,b,['white_piece0_strength'],True
4,6,6,5,4,1,b,['white_piece0_strength'],True
4,6,1,5,6,5,w,['white_piece0_strength'],True
4,5,7,5,1,6,w,['white_piece0_strength'],True
6,1,0,5,4,2,b,['white_piece0_strength'],False
0,2,8,5,1,6,w,['white_piece0_strength'],True
4,6,0,6,6,5,d,['white_piece0_strength'],True
5,5,6,4,3,7,d,['white_piece0_strength'],True
4,6,1,5,4,7,w,['white_piece0_strength'],True
7,3,3,4,0,7,d,['white_piece0_strength'],True
4,5,6,5,0,4,w,['white_piece0_strength'],True
6,0,7,5,0,1,w,['white_piece0_strength'],False
4,6,8,5,6,7,w,['white_piece0_strength'],True
5,0,5,5,1,6,w,['white_piece0_strength'],True
6,0,2,5,0,6,w,['white_piece0_strength'],False
5,5,2,5,6,7,w,['white_piece0_strength'],True
5,1,2,4,6,4,b,['white_piece0_strength'],True
6,3,6,5,6,6,w,['white_piece0_strength'],False
4,4,0,6,6,4,d,['white_piece0_strength'],True
4,6,0,5,2,8,w,['white_piece0_strength'],True
0,6,7,5,2,8,w,['white_piece0_strength'],True
6,4,7,5,0,8,w,['white_piece0_strength'],False
6,6,7,5,6,1,w,['white_piece0_strength'],False
6,3,4,5,6,4,w,['white_piece0_strength'],False
6,0,7,5,6,0,b,['white_piece0_strength'],False
0,3,5,5,3,3,w,['white_piece0_strength'],True
6,0,6,5,4,0,b,['white_piece0_strength'],False
6,3,4,4,4,7,d,['white_piece0_strength'],True
0,6,0,5,1,0,b,['white_piece0_strength'],True
4,3,1,5,5,7,w,['white_piece0_strength'],True
6,2,3,4,4,8,d,['white_piece0_strength'],True
7,0,4,4,5,7,d,['white_piece0_strength'],True
0,5,6,5,5,7,w,['white_piece0_strength'],True
6,4,2,5,2,1,b,['white_piece0_strength'],False
5,3,3,4,4,7,d,['white_piece0_strength'],True
6,5,3,4,2,8,d,['white_piece0_strength'],True
0,5,1,5,4,7,w,['white_piece0_strength'],True
6,3,5,5,4,2,w,['white_piece0_strength'],False
4,4,3,4,3,7,d,['white_piece0_strength'],True
0,0,2,6,6,5,d,['white_piece0_strength'],True
6,1,4,4,5,7,d,['white_piece0_strength'],True
6,2,0,4,2,8,d,['white_piece0_strength'],True
6,0,7,5,6,6,w,['white_piece0_strength'],False
7,6,5,4,4,7,d,['white_piece0_strength'],True
6,4,8,5,2,7,w,['white_piece0_strength'],False
0,1,2,6,0,3,d,['white_piece0_strength'],True
0,4,7,5,6,5,w,['white_piece0_strength'],True
4,6,3,5,3,5,w,['white_piece0_strength'],True
6,4,2,4,5,7,d,['white_piece0_strength'],True
5,6,0,4,0,5,b,['white_piece0_strength'],True
6,4,2,4,0,8,d,['white_piece0_strength'],True
5,5,6,5,0,6,w,['white_piece0_strength'],True
7,1,1,4,5,6,b,['white_piece0_strength'],True
6,0,1,5,5,0,b,['white_piece0_strength'],False
5,6,1,4,2,6,b,['white_piece0_strength'],True
6,3,5,5,4,0,b,['white_piece0_strength'],False
6,1,5,4,2,7,d,['white_piece0_strength'],True
5,5,3,4,2,7,d,['white_piece0_strength'],True
0,6,0,4,0,8,d,['white_piece0_strength'],False
5,6,5,5,2,6,w,['white_piece0_strength'],True
4,0,2,4,2,7,b,['white_piece0_strength'],True
4,0,5,4,2,7,d,['white_piece0_strength'],True
6,6,8,5,0,5,w,['white_piece0_strength'],False
6,0,2,5,2,7,w,['white_piece0_strength'],False
4,1,5,4,1,6,d,['white_piece0_strength'],True
0,0,7,5,2,1,b,['white_piece0_strength'],True
6,0,6,4,2,8,d,['white_piece0_strength'],True
4,0,5,5,1,2,w,['white_piece0_strength'],True
4,6,7,5,3,6,w,['white_piece0_strength'],True
4,0,6,5,3,5,w,['white_piece0_strength'],True
7,4,2,5,0,3,w,['white_piece0_strength'],True
4,0,1,5,0,0,w,['white_piece0_strength'],True
4,4,0,6,0,4,d,['white_piece0_strength'],True
7,6,5,5,0,8,w,['white_piece0_strength'],True
5,5,5,4,5,6,d,['white_piece0_strength'],True
5,5,8,5,6,5,w,['white_piece0_strength'],True
0,5,0,5,5,6,w,['white_piece0_strength'],True
6,6,4,4,5,6,d,['white_piece0_strength'],True
0,2,8,5,1,2,w,['white_piece0_strength'],True
6,5,2,4,5,8,d,['white_piece0_strength'],True
4,0,6,4,1,8,d,['white_piece0_strength'],True
7,1,8,5,0,0,w,['white_piece0_strength'],True
0,4,1,6,3,4,d,['white_piece0_strength'],True
0,3,5,5,2,0,b,['white_piece0_strength'],True
0,1,1,5,1,7,w,['white_piece0_strength'],True
6,0,3,4,2,6,b,['white_piece0_strength'],True
0,1,1,5,3,2,w,['white_piece0_strength'],True
6,4,2,5,0,4,w,['white_piece0_strength'],False
5,6,6,5,3,5,w,['white_piece0_strength'],True
6,6,7,5,1,8,w,['white_piece0_strength'],False
0,0,2,5,5,8,w,['white_piece0_strength'],True
0,1,6,5,1,2,w,['white_piece0_strength'],True
0,6,1,5,5,1,w,['white_piece0_strength'],True
5,6,0,4,3,6,b,['white_piece0_strength'],True
6,3,4,5,1,1,b,['white_piece0_strength'],False
5,5,5,4,1,7,d,['white_piece0_strength'],True
6,2,2,4,5,8,d,['white_piece0_strength'],True
5,4,0,5,6,5,w,['white_piece0_strength'],True
0,2,2,5,0,6,w,['white_piece0_strength'],True
6,0,5,4,3,7,d,['white_piece0_strength'],True
6,0,5,5,5,1,b,['white_piece0_strength'],False
6,0,3,4,0,4,b,['white_piece0_strength'],True
6,6,8,5,3,2,b,['white_piece0_strength'],False
5,6,0,5,5,2,w,['white_piece0_strength'],True
0,5,2,5,4,7,w,['white_piece0_strength'],True
0,2,2,5,2,7,w,['white_piece0_strength'],True
6,4,6,5,6,3,w,['white_piece0_strength'],False
0,5,7,4,2,5,w,['black_piece0_strength'],True
6,4,2,6,5,3,w,['black_piece0_strength'],True
6,5,2,7,2,4,w,['black_piece0_strength'],True
6,6,7,0,4,4,w,['black_piece0_strength'],False
7,3,4,4,5,3,w,['black_piece0_strength'],True
7,2,6,0,2,3,w,['black_piece0_strength'],False
4,5,2,7,1,4,d,['black_piece0_strength'],True
0,1,1,7,2,4,b,['black_piece0_strength'],True
7,2,2,5,4,5,d,['black_piece0_strength'],True
0,1,1,4,4,3,w,['black_piece0_strength'],True
6,4,6,6,5,4,w,['black_piece0_strength'],True
6,4,1,4,5,5,w,['black_piece0_strength'],True
4,6,6,0,5,5,w,['black_piece0_strength'],False
4,0,2,6,5,4,d,['black_piece0_strength'],True
4,3,6,6,1,3,w,['black_piece0_strength'],True
6,0,2,7,4,5,w,['black_piece0_strength'],True
6,1,6,7,2,3,w,['black_piece0_strength'],True
4,0,2,4,2,3,d,['black_piece0_strength'],True
0,3,5,4,1,5,w,['black_piece0_strength'],True
6,6,6,0,5,4,w,['black_piece0_strength'],False
7,5,6,5,2,5,w,['black_piece0_strength'],True
6,1,8,0,5,5,w,['black_piece0_strength'],False
7,6,1,7,5,3,d,['black_piece0_strength'],True
0,5,7,7,1,3,w,['black_piece0_strength'],True
6,0,2,7,2,5,w,['black_piece0_strength'],True
0,4,4,6,1,4,w,['black_piece0_strength'],True
6,4,0,6,2,3,w,['black_piece0_strength'],True
7,3,1,4,4,5,d,['black_piece0_strength'],True
4,0,2,7,1,5,d,['black_piece0_strength'],True
6,6,7,4,4,3,w,['black_piece0_strength'],True
0,5,5,0,2,3,b,['black_piece0_strength'],False
0,5,8,0,4,4,w,['black_piece0_strength'],False
0,5,0,7,4,5,b,['black_piece0_strength'],True
6,4,2,0,5,5,w,['black_piece0_strength'],False
4,1,2,7,1,5,d,['black_piece0_strength'],True
4,0,6,7,1,4,w,['black_piece0_strength'],True
6,6,4,0,1,3,w,['black_piece0_strength'],False
7,5,8,0,1,4,w,['black_piece0_strength'],False
6,6,7,6,5,5,w,['black_piece0_strength'],True
0,4,5,7,1,4,w,['black_piece0_strength'],True
7,5,8,0,1,5,w,['black_piece0_strength'],False
4,4,8,6,4,4,w,['black_piece0_strength'],True
0,2,7,0,5,3,w,['black_piece0_strength'],False
0,4,4,4,2,3,b,['black_piece0_strength'],True
4,4,7,4,4,3,w,['black_piece0_strength'],True
6,1,7,7,2,3,w,['black_piece0_strength'],True
4,4,8,6,5,4,w,['black_piece0_strength'],True
0,5,6,5,1,5,w,['black_piece0_strength'],True
0,5,4,7,1,3,b,['black_piece0_strength'],True
0,2,8,6,1,4,w,['black_piece0_strength'],True
7,3,4,0,2,3,w,['black_piece0_strength'],False
0,2,1,7,4,5,b,['black_piece0_strength'],True
0,5,8,4,4,5,w,['black_piece0_strength'],True
4,0,7,5,4,3,w,['black_piece0_strength'],True
0,2,3,4,1,3,w,['black_piece0_strength'],True
4,6,0,7,2,5,d,['black_piece0_strength'],True
7,1,2,7,1,5,d,['black_piece0_strength'],True
0,2,4,4,2,3,w,['black_piece0_strength'],True
6,6,3,0,5,3,w,['black_piece0_strength'],False
4,1,2,7,5,5,d,['black_piece0_strength'],True
6,5,7,0,4,4,w,['black_piece0_strength'],False
6,5,2,5,4,5,w,['black_piece0_strength'],True
6,6,8,0,2,3,w,['black_piece0_strength'],False
6,3,4,7,4,5,w,['black_piece0_strength'],True
0,3,5,0,1,4,w,['black_piece0_strength'],False
7,6,4,7,2,3,b,['black_piece0_strength'],True
4,4,0,0,2,4,d,['black_piece0_strength'],False
7,5,7,0,1,3,w,['black_piece0_strength'],False
0,2,5,7,2,3,w,['black_piece0_strength'],True
0,3,6,7,1,5,w,['black_piece0_strength'],True
6,2,8,6,4,4,w,['black_piece0_strength'],True
6,5,2,7,2,5,w,['black_piece0_strength'],True
4,4,0,6,4,4,d,['black_piece0_strength'],True
4,4,0,0,1,4,d,['black_piece0_strength'],False
6,2,0,5,4,5,w,['black_piece0_strength'],True
7,0,3,7,1,4,b,['black_piece0_strength'],True
7,5,7,0,4,3,w,['black_piece0_strength'],False
6,6,3,6,5,4,w,['black_piece0_strength'],True
0,0,7,0,4,4,w,['black_piece0_strength'],False
0,1,5,0,2,3,b,['black_piece0_strength'],False
6,1,8,0,5,3,w,['black_piece0_strength'],False
4,2,8,5,4,3,w,['black_piece0_strength'],True
7,1,8,4,5,3,w,['black_piece0_strength'],True
7,0,5,7,2,4,b,['black_piece0_strength'],True
6,6,4,6,5,5,w,['black_piece0_strength'],True
0,3,6,7,4,3,w,['black_piece0_strength'],True
4,4,0,6,4,3,d,['black_piece0_strength'],True
0,0,5,5,5,3,b,['black_piece0_strength'],True
4,5,8,7,4,4,w,['black_piece0_strength'],True
7,1,7,6,2,3,w,['black_piece0_strength'],True
6,2,8,6,2,4,w,['black_piece0_strength'],True
4,0,0,5,5,4,d,['black_piece0_strength'],True
7,3,7,0,1,5,w,['black_piece0_strength'],False
7,3,7,0,4,4,w,['black_piece0_strength'],False
4,3,1,7,2,5,d,['black_piece0_strength'],True
6,3,3,6,1,5,w,['black_piece0_strength'],True
7,6,6,7,2,5,w,['black_piece0_strength'],True
4,6,0,0,1,3,b,['black_piece0_strength'],False
4,5,2,5,2,4,d,['black_piece0_strength'],True
0,4,8,0,5,5,w,['black_piece0_strength'],False
4,6,6,7,1,3,w,['black_piece0_strength'],True
0,4,2,5,4,5,w,['black_piece0_strength'],True
6,6,0,7,5,3,d,['black_piece0_strength'],True
0,5,1,0,4,4,b,['black_piece0_strength'],False
7,1,6,4,5,3,w,['black_piece0_strength'],True
6,2,0,7,4,4,d,['black_piece0_strength'],True
0,1,6,5,2,3,w,['black_piece0_strength'],True
0,2,5,6,5,3,w,['black_piece0_strength'],True
0,3,1,5,4,5,w,['black_piece0_strength'],True
4,0,3,4,1,4,d,['black_piece0_strength'],True
6,0,2,6,5,5,w,['black_piece0_strength'],True
0,0,4,0,1,4,w,['black_piece0_strength'],False
4,6,3,5,1,4,b,['black_piece0_strength'],True
0,0,7,0,4,3,w,['black_piece0_strength'],False
6,4,7,7,4,5,w,['black_piece0_strength'],True
0,4,0,0,5,5,b,['black_piece0_strength'],False
0,3,7,7,4,3,w,['black_piece0_strength'],True
0,2,8,0,5,3,w,['black_piece0_strength'],False
0,6,2,5,2,4,b,['black_piece0_strength'],True
7,4,7,0,4,3,w,['black_piece0_strength'],False
0,1,8,7,1,4,w,['black_piece0_strength'],True
0,4,7,0,5,4,w,['black_piece0_strength'],False
0,0,8,0,1,4,w,['black_piece0_strength'],False
4,4,7,0,1,5,w,['black_piece0_strength'],False
4,6,0,5,2,3,b,['black_piece0_strength'],True
6,4,1,6,2,3,d,['black_piece0_strength'],True
4,6,4,6,1,5,w,['black_piece0_strength'],True
7,6,5,0,5,4,w,['black_piece0_strength'],False
7,2,8,0,2,3,w,['black_piece0_strength'],False
6,1,6,0,4,3,w,['black_piece0_strength'],False
7,2,7,0,1,4,w,['black_piece0_strength'],False
0,4,8,7,4,4,w,['black_piece0_strength'],True
6,6,3,0,1,4,w,['black_piece0_strength'],False
4,5,2,4,5,5,d,['black_piece0_strength'],True
0,5,5,0,4,3,b,['black_piece0_strength'],False
7,3,2,4,4,5,b,['black_piece0_strength'],True
7,4,8,0,1,5,w,['black_piece0_strength'],False
7,3,1,7,5,3,b,['black_piece0_strength'],True
4,5,8,0,4,3,w,['black_piece0_strength'],False
4,6,4,6,4,3,b,['black_piece0_strength'],True
6,3,6,7,1,3,w,['black_piece0_strength'],True
7,6,6,0,1,4,w,['black_piece0_strength'],False
4,3,5,0,1,3,w,['black_piece0_strength'],False
7,2,2,7,2,5,d,['black_piece0_strength'],True
0,4,5,0,4,3,w,['black_piece0_strength'],False
0,2,2,7,4,3,w,['black_piece0_strength'],True
4,3,1,5,2,4,d,['black_piece0_strength'],True
6,6,0,6,1,3,b,['black_piece0_strength'],True
4,4,2,5,4,4,d,['black_piece0_strength'],True
7,3,4,0,1,4,w,['black_piece0_strength'],False
6,0,0,7,2,4,d,['black_piece0_strength'],True
4,2,2,4,5,3,d,['black_piece0_strength'],True
0,5,4,6,5,3,w,['black_piece0_strength'],True
6,0,7,0,1,4,w,['black_piece0_strength'],False
4,0,0,0,4,3,b,['black_piece0_strength'],False
4,0,6,0,1,5,w,['black_piece0_strength'],False
6,3,2,0,2,5,w,['black_piece0_strength'],False
6,6,6,7,4,4,w,['black_piece0_strength'],True
6,6,2,7,2,3,b,['black_piece0_strength'],True
4,4,8,0,2,4,w,['black_piece0_strength'],False
4,2,2,7,5,5,w,['black_piece0_strength'],True
0,6,2,0,1,3,b,['black_piece0_strength'],False
0,4,7,4,1,3,w,['black_piece0_strength'],True
6,1,0,7,2,5,d,['black_piece0_strength'],True
6,3,7,4,2,5,w,['black_piece0_strength'],True
7,6,0,7,4,3,d,['black_piece0_strength'],True
4,5,8,0,5,5,w,['black_piece0_strength'],False
4,2,0,7,1,4,d,['black_piece0_strength'],True
4,3,1,4,2,3,d,['black_piece0_strength'],True
7,0,7,5,1,4,w,['black_piece0_strength'],True
4,5,1,6,1,5,d,['black_piece0_strength'],True
7,6,2,5,1,4,d,['black_piece0_strength'],True
7,3,4,0,1,5,w,['black_piece0_strength'],False
7,6,7,0,2,4,w,['black_piece0_strength'],False
6,3,4,0,1,3,w,['black_piece0_strength'],False
7,6,4,6,1,4,b,['black_piece0_strength'],True
4,1,2,6,1,3,d,['black_piece0_strength'],True
0,2,7,0,5,5,w,['black_piece0_strength'],False
6,3,7,5,4,4,w,['black_piece0_strength'],True
7,2,8,0,2,5,w,['black_piece0_strength'],False
0,4,7,0,4,3,w,['black_piece0_strength'],False
6,6,2,4,2,5,w,['black_piece0_strength'],True
0,0,6,0,4,5,w,['black_piece0_strength'],False
7,6,8,6,2,5,w,['black_piece0_strength'],True
7,5,8,0,4,4,w,['black_piece0_strength'],False
0,0,3,0,2,3,b,['black_piece0_strength'],False
4,4,6,4,1,5,w,['black_piece0_strength'],True
4,0,3,0,2,3,b,['black_piece0_strength'],False
4,1,7,0,2,3,w,['black_piece0_strength'],False
7,3,2,4,1,4,b,['black_piece0_strength'],True
0,1,7,0,1,4,w,['black_piece0_strength'],False
0,6,6,0,1,4,w,['black_piece0_strength'],False
4,6,1,7,1,3,d,['black_piece0_strength'],True
4,1,7,6,4,3,w,['black_piece0_strength'],True
4,2,6,0,5,4,w,['black_piece0_strength'],False
7,2,8,5,4,4,w,['black_piece0_strength'],True
7,6,6,0,1,3,w,['black_piece0_strength'],False
0,6,5,4,1,5,w,['black_piece0_strength'],True
7,5,8,0,2,3,w,['black_piece0_strength'],False
0,1,6,6,4,3,w,['black_piece0_strength'],True
6,3,4,0,2,4,w,['black_piece0_strength'],False
4,4,8,0,4,5,w,['black_piece0_strength'],False
0,3,3,7,5,4,w,['black_piece0_strength'],True
0,4,6,0,1,4,w,['black_piece0_strength'],False
0,6,6,5,4,3,b,['black_piece0_strength'],True
6,3,1,4,2,4,d,['black_piece0_strength'],True
6,4,0,6,1,4,w,['black_piece0_strength'],True
4,4,7,5,2,5,w,['black_piece0_strength'],True
0,0,5,0,4,3,b,['black_piece0_strength'],False
4,2,7,0,2,3,w,['black_piece0_strength'],False
4,1,1,7,1,3,d,['black_piece0_strength'],True
0,2,8,0,4,5,w,['black_piece0_strength'],False
0,2,2,6,5,4,w,['black_piece0_strength'],True
4,2,0,4,1,3,d,['black_piece0_strength'],True
4,0,1,6,2,4,d,['black_piece0_strength'],True
0,2,3,5,1,5,w,['black_piece0_strength'],True
0,2,7,4,2,4,w,['black_piece0_strength'],True
0,5,0,6,1,3,w,['black_piece0_strength'],True
7,4,1,6,4,5,b,['black_piece0_strength'],True
6,4,8,0,2,4,w,['black_piece0_strength'],False
6,3,1,0,1,4,w,['black_piece0_strength'],False
4,2,7,7,1,4,w,['black_piece0_strength'],True
0,3,4,4,1,5,w,['black_piece0_strength'],True
4,1,6,0,1,5,w,['black_piece0_strength'],False
0,5,7,0,4,5,w,['black_piece0_strength'],False
4,5,8,0,1,3,w,['black_piece0_strength'],False
6,1,6,0,4,4,w,['black_piece0_strength'],False
7,3,2,6,2,3,b,['black_piece0_strength'],True
4,2,6,6,2,4,w,['black_piece0_strength'],True
6,1,8,0,4,5,w,['black_piece0_strength'],False
4,5,6,0,5,3,w,['black_piece0_strength'],False
6,5,6,0,5,4,w,['black_piece0_strength'],False
4,6,7,5,5,5,w,['black_piece0_strength'],True
7,6,3,0,1,4,b,['black_piece0_strength'],False
7,0,3,0,5,4,b,['black_piece0_strength'],False
6,5,7,0,2,5,w,['black_piece0_strength'],False
4,6,7,5,1,3,w,['black_piece0_strength'],True
0,4,1,4,2,4,w,['black_piece0_strength'],True
6,2,7,0,2,5,w,['black_piece0_strength'],False
4,3,5,0,2,5,w,['black_piece0_strength'],False
4,3,7,0,1,3,w,['black_piece0_strength'],False
6,6,5,6,1,3,w,['black_piece0_strength'],True
4,5,0,4,2,4,d,['black_piece0_strength'],True
6,5,1,0,1,5,w,['black_piece0_strength'],False
7,0,8,4,4,3,w,['black_piece0_strength'],True
6,2,6,0,5,3,w,['black_piece0_strength'],False
4,4,7,7,5,3,w,['black_piece0_strength'],True
0,4,6,0,4,5,w,['black_piece0_strength'],False
0,2,0,0,2,4,b,['black_piece0_strength'],False
0,0,7,7,2,3,w,['black_piece0_strength'],True
6,4,1,0,1,5,w,['black_piece0_strength'],False
7,6,3,5,5,4,b,['black_piece0_strength'],True
6,2,8,5,1,5,w,['black_piece0_strength'],True
7,3,1,6,5,5,b,['black_piece0_strength'],True
4,0,7,0,1,3,w,['black_piece0_strength'],False
6,6,2,0,5,5,w,['black_piece0_strength'],False
6,0,8,5,1,3,w,['black_piece0_strength'],True
4,6,4,7,2,3,b,['black_piece0_strength'],True
7,4,6,0,4,3,w,['black_piece0_strength'],False
0,6,1,6,2,3,b,['black_piece0_strength'],True
4,3,7,0,1,5,w,['black_piece0_strength'],False
4,0,5,6,1,4,w,['black_piece0_strength'],True
7,0,6,0,4,3,b,['black_piece0_strength'],False
0,4,8,7,2,5,w,['black_piece0_strength'],True
0,1,4,4,4,5,b,['black_piece0_strength'],True
7,3,2,7,2,4,d,['black_piece0_strength'],True
4,1,2,6,2,4,d,['black_piece0_strength'],True
0,4,6,7,5,3,w,['black_piece0_strength'],True
7,2,7,0,5,3,w,['black_piece0_strength'],False
6,1,0,6,4,4,w,['black_piece0_strength'],True
4,1,0,6,1,4,d,['black_piece0_strength'],True
7,5,8,0,1,3,w,['black_piece0_strength'],False
7,6,7,7,4,3,w,['black_piece0_strength'],True
7,0,8,0,5,4,w,['black_piece0_strength'],False
4,4,1,0,5,5,d,['black_piece0_strength'],False
0,3,6,0,1,3,w,['black_piece0_strength'],False
0,2,3,6,4,4,w,['black_piece0_strength'],True
7,2,2,4,5,4,d,['black_piece0_strength'],True
4,2,0,5,4,5,d,['black_piece0_strength'],True
4,2,0,4,4,4,d,['black_piece0_strength'],True
6,3,2,6,4,5,w,['black_piece0_strength'],True
7,0,6,7,2,5,w,['black_piece0_strength'],True
4,6,5,0,5,3,b,['black_piece0_strength'],False
7,6,6,0,1,5,w,['black_piece0_strength'],False
4,4,1,5,1,3,d,['black_piece0_strength'],True
4,2,1,5,5,3,d,['black_piece0_strength'],True
6,1,8,6,2,3,w,['black_piece0_strength'],True
0,5,8,0,4,3,w,['black_piece0_strength'],False
7,0,6,7,5,5,w,['black_piece0_strength'],True
6,3,7,0,1,4,w,['black_piece0_strength'],False
0,3,2,0,4,5,b,['black_piece0_strength'],False
0,5,7,7,5,3,w,['black_piece0_strength'],True
7,0,3,0,1,5,d,['black_piece0_strength'],False
4,3,3,5,5,4,w,['black_piece0_strength'],True
0,0,3,0,5,3,b,['black_piece0_strength'],False
6,2,1,7,4,3,d,['black_piece0_strength'],True
6,2,0,6,2,4,d,['black_piece0_strength'],True
4,6,3,7,4,4,d,['black_piece0_strength'],True
0,5,2,7,1,3,w,['black_piece0_strength'],True
6,2,8,6,5,5,w,['black_piece0_strength'],True
7,1,2,7,1,4,b,['black_piece0_strength'],True
6,6,8,6,1,3,w,['black_piece0_strength'],True
7,3,7,7,2,3,w,['black_piece0_strength'],True
4,6,5,0,4,3,b,['black_piece0_strength'],False
0,3,6,7,1,4,w,['black_piece0_strength'],True
4,6,0,4,4,3,d,['black_piece0_strength'],True
7,4,8,0,2,4,w,['black_piece0_strength'],False
7,2,6,5,4,3,w,['black_piece0_strength'],True
7,3,5,4,1,5,w,['black_piece0_strength'],True
7,6,7,6,5,5,w,['black_piece0_strength'],True
4,0,1,7,1,5,d,['black_piece0_strength'],True
0,3,5,0,2,4,w,['black_piece0_strength'],False
7,0,5,4,4,5,b,['black_piece0_strength'],True
6,5,2,5,2,3,b,['black_piece0_strength'],True
6,3,2,0,5,5,w,['black_piece0_strength'],False
7,3,4,0,4,3,w,['black_piece0_strength'],False
7,4,1,7,4,3,b,['black_piece0_strength'],True
6,3,5,0,1,4,w,['black_piece0_strength'],False
4,0,5,6,1,5,w,['black_piece0_strength'],True
0,5,3,4,4,5,w,['black_piece0_strength'],True
7,5,6,7,4,5,w,['black_piece0_strength'],True
0,4,7,0,1,5,w,['black_piece0_strength'],False
4,2,7,0,2,4,w,['black_piece0_strength'],False
6,5,0,4,4,5,d,['black_piece0_strength'],True
0,6,6,4,2,5,w,['black_piece0_strength'],True
